race/ethnicity,avg_math_score,avg_reading_score,avg_writing_score
group A,61.62921348314607,64.67415730337079,62.674157303370784
group B,63.45263157894737,67.35263157894737,65.6
group C,64.46394984326018,69.10344827586206,67.82758620689656
group D,67.36259541984732,70.03053435114504,70.14503816793894
group E,73.82142857142857,73.02857142857142,71.40714285714286
