lunch,avg_math_score,avg_reading_score,avg_writing_score
free/reduced,58.92112676056338,64.65352112676057,63.02253521126761
standard,70.03410852713178,71.65426356589147,70.8232558139535
